Date,Close
2015-03-03,79.6
2015-04-03,80.9
2015-05-03,81.21
2015-06-03,80.01
2015-09-03,79.44
2015-10-03,77.55
2015-11-03,77.57
2015-12-03,78.93
3/13/2015 16:00:00,78.05
3/16/2015 16:00:00,78.07
3/17/2015 16:00:00,79.36
3/18/2015 16:00:00,80.91
3/19/2015 16:00:00,82.75
3/20/2015 16:00:00,83.8
3/23/2015 16:00:00,84.43
3/24/2015 16:00:00,85.31
3/25/2015 16:00:00,82.92
3/26/2015 16:00:00,83.01
3/27/2015 16:00:00,83.3
3/30/2015 16:00:00,83.2
3/31/2015 16:00:00,82.22
2015-01-04,81.67
2015-02-04,81.56
2015-06-04,82.44
2015-07-04,82.32
2015-08-04,82.28
2015-09-04,82.17
2015-10-04,82.04
4/13/2015 16:00:00,83.01
4/14/2015 16:00:00,83.52
4/15/2015 16:00:00,82.71
4/16/2015 16:00:00,82.31
4/17/2015 16:00:00,80.78
4/20/2015 16:00:00,83.09
4/21/2015 16:00:00,83.62
4/22/2015 16:00:00,84.63
4/23/2015 16:00:00,82.41
4/24/2015 16:00:00,81.53
4/27/2015 16:00:00,81.91
4/28/2015 16:00:00,80.68
4/29/2015 16:00:00,80.47
4/30/2015 16:00:00,78.77
2015-01-05,78.99
2015-04-05,78.81
2015-05-05,77.56
2015-06-05,78.1
2015-07-05,78.43
2015-08-05,78.51
2015-11-05,78.01
2015-12-05,77.46
5/13/2015 16:00:00,78.44
5/14/2015 16:00:00,81.37
5/15/2015 16:00:00,80.42
5/18/2015 16:00:00,80.88
5/19/2015 16:00:00,80.63
5/20/2015 16:00:00,80.55
5/21/2015 16:00:00,80.48
5/22/2015 16:00:00,80.54
5/26/2015 16:00:00,79.33
5/27/2015 16:00:00,80.55
5/28/2015 16:00:00,80.15
5/29/2015 16:00:00,79.19
2015-01-06,80.29
2015-02-06,80.44
2015-03-06,82.44
2015-04-06,82.05
2015-05-06,82.14
2015-08-06,80.67
2015-09-06,80.67
2015-10-06,82.16
2015-11-06,81.83
2015-12-06,81.53
6/15/2015 16:00:00,80.71
6/16/2015 16:00:00,81.06
6/17/2015 16:00:00,81.79
6/18/2015 16:00:00,82.91
6/19/2015 16:00:00,82.51
6/22/2015 16:00:00,84.74
6/23/2015 16:00:00,87.88
6/24/2015 16:00:00,88.86
6/25/2015 16:00:00,87.98
6/26/2015 16:00:00,88.01
6/29/2015 16:00:00,85.8
6/30/2015 16:00:00,85.77
2015-01-07,86.91
2015-02-07,87.29
2015-06-07,87.55
2015-07-07,87.22
2015-08-07,85.65
2015-09-07,85.88
2015-10-07,87.95
7/13/2015 16:00:00,90.1
7/14/2015 16:00:00,89.68
7/15/2015 16:00:00,89.76
7/16/2015 16:00:00,90.85
7/17/2015 16:00:00,94.97
7/20/2015 16:00:00,97.91
7/21/2015 16:00:00,98.39
7/22/2015 16:00:00,97.04
7/23/2015 16:00:00,95.44
7/24/2015 16:00:00,96.95
7/27/2015 16:00:00,94.17
7/28/2015 16:00:00,95.29
7/29/2015 16:00:00,96.99
7/30/2015 16:00:00,95.21
7/31/2015 16:00:00,94.01
2015-03-08,94.14
2015-04-08,94.06
2015-05-08,96.44
2015-06-08,95.12
2015-07-08,94.3
2015-10-08,94.15
2015-11-08,93.62
2015-12-08,94.19
8/13/2015 16:00:00,93.43
8/14/2015 16:00:00,94.42
8/17/2015 16:00:00,93.93
8/18/2015 16:00:00,95.17
8/19/2015 16:00:00,95.31
8/20/2015 16:00:00,90.56
8/21/2015 16:00:00,86.06
8/24/2015 16:00:00,82.09
8/25/2015 16:00:00,83
8/26/2015 16:00:00,87.19
8/27/2015 16:00:00,89.73
8/28/2015 16:00:00,91.01
8/31/2015 16:00:00,89.43
2015-01-09,87.23
2015-02-09,89.89
2015-03-09,88.15
2015-04-09,88.26
2015-08-09,89.53
2015-09-09,90.44
2015-10-09,91.98
2015-11-09,92.05
9/14/2015 16:00:00,92.31
9/15/2015 16:00:00,92.9
9/16/2015 16:00:00,93.45
9/17/2015 16:00:00,94.34
9/18/2015 16:00:00,94.4
9/21/2015 16:00:00,95.55
9/22/2015 16:00:00,92.96
9/23/2015 16:00:00,93.97
9/24/2015 16:00:00,94.41
9/25/2015 16:00:00,92.77
9/28/2015 16:00:00,89.21
9/29/2015 16:00:00,86.67
9/30/2015 16:00:00,89.9
2015-01-10,90.95
2015-02-10,92.07
2015-05-10,94.01
2015-06-10,92.8
2015-07-10,92.4
2015-08-10,92.47
2015-09-10,93.24
2015-12-10,94.26
10/13/2015 16:00:00,94.12
10/14/2015 16:00:00,94.07
10/15/2015 16:00:00,95.96
10/16/2015 16:00:00,97.54
10/19/2015 16:00:00,98.47
10/20/2015 16:00:00,97
10/21/2015 16:00:00,97.11
10/22/2015 16:00:00,99.67
10/23/2015 16:00:00,102.19
10/26/2015 16:00:00,103.77
10/27/2015 16:00:00,103.7
10/28/2015 16:00:00,104.2
10/29/2015 16:00:00,104.88
10/30/2015 16:00:00,101.97
2015-02-11,103.31
2015-03-11,102.58
2015-04-11,103.94
2015-05-11,108.76
2015-06-11,107.1
2015-09-11,106.49
2015-10-11,107.91
2015-11-11,109.01
2015-12-11,108.02
11/13/2015 16:00:00,103.95
11/16/2015 16:00:00,104.04
11/17/2015 16:00:00,105.13
11/18/2015 16:00:00,107.77
11/19/2015 16:00:00,106.26
11/20/2015 16:00:00,107.32
11/23/2015 16:00:00,106.95
11/24/2015 16:00:00,105.74
11/25/2015 16:00:00,105.41
11/27/2015 16:00:00,105.45
11/30/2015 16:00:00,104.24
2015-01-12,107.12
2015-02-12,106.07
2015-03-12,104.38
2015-04-12,106.18
2015-07-12,105.61
2015-08-12,106.49
2015-09-12,104.6
2015-10-12,105.42
2015-11-12,102.12
12/14/2015 16:00:00,104.66
12/15/2015 16:00:00,104.55
12/16/2015 16:00:00,106.79
12/17/2015 16:00:00,106.22
12/18/2015 16:00:00,104.04
12/21/2015 16:00:00,104.77
12/22/2015 16:00:00,105.51
12/23/2015 16:00:00,104.63
12/24/2015 16:00:00,105.02
12/28/2015 16:00:00,105.93
12/29/2015 16:00:00,107.26
12/30/2015 16:00:00,106.22
12/31/2015 16:00:00,104.66
2016-04-01,102.22
2016-05-01,102.73
2016-06-01,102.97
2016-07-01,97.92
2016-08-01,97.33
2016-11-01,97.51
2016-12-01,99.37
1/13/2016 16:00:00,95.44
1/14/2016 16:00:00,98.37
1/15/2016 16:00:00,94.97
1/19/2016 16:00:00,95.26
1/20/2016 16:00:00,94.35
1/21/2016 16:00:00,94.16
1/22/2016 16:00:00,97.94
1/25/2016 16:00:00,97.01
1/26/2016 16:00:00,97.34
1/27/2016 16:00:00,94.45
1/28/2016 16:00:00,109.11
1/29/2016 16:00:00,112.21
2016-01-02,115.09
2016-02-02,114.61
2016-03-02,112.69
2016-04-02,110.49
2016-05-02,104.07
2016-08-02,99.75
2016-09-02,99.54
2016-10-02,101
2016-11-02,101.91
2016-12-02,102.01
2/16/2016 16:00:00,101.61
2/17/2016 16:00:00,105.2
2/18/2016 16:00:00,103.47
2/19/2016 16:00:00,104.57
2/22/2016 16:00:00,107.16
2/23/2016 16:00:00,105.46
2/24/2016 16:00:00,106.88
2/25/2016 16:00:00,108.07
2/26/2016 16:00:00,107.92
2/29/2016 16:00:00,106.92
2016-01-03,109.82
2016-02-03,109.95
2016-03-03,109.58
2016-04-03,108.39
2016-07-03,105.73
2016-08-03,105.93
2016-09-03,107.51
2016-10-03,107.32
2016-11-03,109.41
3/14/2016 16:00:00,109.89
3/15/2016 16:00:00,110.67
3/16/2016 16:00:00,112.18
3/17/2016 16:00:00,111.02
3/18/2016 16:00:00,111.45
3/21/2016 16:00:00,111.85
3/22/2016 16:00:00,112.25
3/23/2016 16:00:00,112.54
3/24/2016 16:00:00,113.05
3/28/2016 16:00:00,113.69
3/29/2016 16:00:00,116.14
3/30/2016 16:00:00,114.7
3/31/2016 16:00:00,114.1
2016-01-04,116.06
2016-04-04,112.55
2016-05-04,112.22
2016-06-04,113.71
2016-07-04,113.64
2016-08-04,110.63
2016-11-04,108.99
2016-12-04,110.61
4/13/2016 16:00:00,110.51
4/14/2016 16:00:00,110.84
4/15/2016 16:00:00,109.64
4/18/2016 16:00:00,110.45
4/19/2016 16:00:00,112.29
4/20/2016 16:00:00,112.42
4/21/2016 16:00:00,113.44
4/22/2016 16:00:00,110.56
4/25/2016 16:00:00,110.1
4/26/2016 16:00:00,108.76
4/27/2016 16:00:00,108.89
4/28/2016 16:00:00,116.73
4/29/2016 16:00:00,117.58
2016-02-05,118.57
2016-03-05,117.43
2016-04-05,118.06
2016-05-05,117.81
2016-06-05,119.49
2016-09-05,119.24
2016-10-05,120.5
2016-11-05,119.52
2016-12-05,120.28
5/13/2016 16:00:00,119.81
5/16/2016 16:00:00,118.67
5/17/2016 16:00:00,117.35
5/18/2016 16:00:00,117.65
5/19/2016 16:00:00,116.81
5/20/2016 16:00:00,117.35
5/23/2016 16:00:00,115.97
5/24/2016 16:00:00,117.7
5/25/2016 16:00:00,117.89
5/26/2016 16:00:00,119.47
5/27/2016 16:00:00,119.38
5/31/2016 16:00:00,118.81
2016-01-06,118.78
2016-02-06,118.93
2016-03-06,118.47
2016-06-06,118.79
2016-07-06,117.76
2016-08-06,118.39
2016-09-06,118.56
2016-10-06,116.62
6/13/2016 16:00:00,113.95
6/14/2016 16:00:00,114.94
6/15/2016 16:00:00,114.6
6/16/2016 16:00:00,114.39
6/17/2016 16:00:00,113.02
6/20/2016 16:00:00,113.37
6/21/2016 16:00:00,114.38
6/22/2016 16:00:00,113.91
6/23/2016 16:00:00,115.08
6/24/2016 16:00:00,112.08
6/27/2016 16:00:00,108.97
6/28/2016 16:00:00,112.7
6/29/2016 16:00:00,114.16
6/30/2016 16:00:00,114.28
2016-01-07,114.19
2016-05-07,114
2016-06-07,116.7
2016-07-07,115.85
2016-08-07,117.24
2016-11-07,117.87
2016-12-07,117.93
7/13/2016 16:00:00,116.78
7/14/2016 16:00:00,117.29
7/15/2016 16:00:00,116.86
7/18/2016 16:00:00,119.37
7/19/2016 16:00:00,120.61
7/20/2016 16:00:00,121.92
7/21/2016 16:00:00,120.61
7/22/2016 16:00:00,121
7/25/2016 16:00:00,121.63
7/26/2016 16:00:00,121.22
7/27/2016 16:00:00,123.34
7/28/2016 16:00:00,125
7/29/2016 16:00:00,123.94
2016-01-08,124.31
2016-02-08,123.09
2016-03-08,122.51
2016-04-08,124.36
2016-05-08,125.15
2016-08-08,125.26
2016-09-08,125.06
2016-10-08,124.88
2016-11-08,124.9
2016-12-08,124.88
8/15/2016 16:00:00,123.9
8/16/2016 16:00:00,123.3
8/17/2016 16:00:00,124.37
8/18/2016 16:00:00,123.91
8/19/2016 16:00:00,123.56
8/22/2016 16:00:00,124.15
8/23/2016 16:00:00,124.37
8/24/2016 16:00:00,123.48
8/25/2016 16:00:00,123.89
8/26/2016 16:00:00,124.96
8/29/2016 16:00:00,126.54
8/30/2016 16:00:00,125.84
8/31/2016 16:00:00,126.12
2016-01-09,126.17
2016-02-09,126.51
2016-06-09,129.73
2016-07-09,131.05
2016-08-09,130.27
2016-09-09,127.1
2016-12-09,128.69
9/13/2016 16:00:00,127.21
9/14/2016 16:00:00,127.77
9/15/2016 16:00:00,128.35
9/16/2016 16:00:00,129.07
9/19/2016 16:00:00,128.65
9/20/2016 16:00:00,128.64
9/21/2016 16:00:00,129.94
9/22/2016 16:00:00,130.08
9/23/2016 16:00:00,127.96
9/26/2016 16:00:00,127.31
9/27/2016 16:00:00,128.69
9/28/2016 16:00:00,129.23
9/29/2016 16:00:00,128.09
9/30/2016 16:00:00,128.27
2016-03-10,128.77
2016-04-10,128.19
2016-05-10,128.47
2016-06-10,128.74
2016-07-10,128.99
2016-10-10,130.24
2016-11-10,128.88
2016-12-10,129.05
10/13/2016 16:00:00,127.82
10/14/2016 16:00:00,127.88
10/17/2016 16:00:00,127.54
10/18/2016 16:00:00,128.57
10/19/2016 16:00:00,130.11
10/20/2016 16:00:00,130
10/21/2016 16:00:00,132.07
10/24/2016 16:00:00,133.28
10/25/2016 16:00:00,132.29
10/26/2016 16:00:00,131.04
10/27/2016 16:00:00,129.69
10/28/2016 16:00:00,131.29
10/31/2016 16:00:00,130.99
2016-01-11,129.5
2016-02-11,127.17
2016-03-11,120
2016-04-11,120.75
2016-07-11,122.15
2016-08-11,124.22
2016-09-11,123.18
2016-10-11,120.8
2016-11-11,119.02
11/14/2016 16:00:00,115.08
11/15/2016 16:00:00,117.2
11/16/2016 16:00:00,116.34
11/17/2016 16:00:00,117.79
11/18/2016 16:00:00,117.02
11/21/2016 16:00:00,121.77
11/22/2016 16:00:00,121.47
11/23/2016 16:00:00,120.84
11/25/2016 16:00:00,120.38
11/28/2016 16:00:00,120.41
11/29/2016 16:00:00,120.87
11/30/2016 16:00:00,118.42
2016-01-12,115.1
2016-02-12,115.4
2016-05-12,117.43
2016-06-12,117.31
2016-07-12,117.95
2016-08-12,118.91
2016-09-12,119.68
2016-12-12,117.77
12/13/2016 16:00:00,120.31
12/14/2016 16:00:00,120.21
12/15/2016 16:00:00,120.57
12/16/2016 16:00:00,119.87
12/19/2016 16:00:00,119.24
12/20/2016 16:00:00,119.09
12/21/2016 16:00:00,119.04
12/22/2016 16:00:00,117.4
12/23/2016 16:00:00,117.27
12/27/2016 16:00:00,118.01
12/28/2016 16:00:00,116.92
12/29/2016 16:00:00,116.35
12/30/2016 16:00:00,115.05
2017-03-01,116.86
2017-04-01,118.69
2017-05-01,120.67
2017-06-01,123.41
2017-09-01,124.9
2017-10-01,124.35
2017-11-01,126.09
2017-12-01,126.62
1/13/2017 16:00:00,128.34
1/17/2017 16:00:00,127.87
1/18/2017 16:00:00,127.92
1/19/2017 16:00:00,127.55
1/20/2017 16:00:00,127.04
1/23/2017 16:00:00,128.93
1/24/2017 16:00:00,129.37
1/25/2017 16:00:00,131.48
1/26/2017 16:00:00,132.78
1/27/2017 16:00:00,132.18
1/30/2017 16:00:00,130.98
1/31/2017 16:00:00,130.32
2017-01-02,133.23
2017-02-02,130.84
2017-03-02,130.98
2017-06-02,132.06
2017-07-02,131.84
2017-08-02,134.2
2017-09-02,134.14
2017-10-02,134.19
2/13/2017 16:00:00,134.05
2/14/2017 16:00:00,133.85
2/15/2017 16:00:00,133.44
2/16/2017 16:00:00,133.84
2/17/2017 16:00:00,133.53
2/21/2017 16:00:00,133.72
2/22/2017 16:00:00,136.12
2/23/2017 16:00:00,135.36
2/24/2017 16:00:00,135.44
2/27/2017 16:00:00,136.41
2/28/2017 16:00:00,135.54
2017-01-03,137.42
2017-02-03,136.76
2017-03-03,137.17
2017-06-03,137.42
2017-07-03,137.3
2017-08-03,137.72
2017-09-03,138.24
2017-10-03,138.79
3/13/2017 16:00:00,139.6
3/14/2017 16:00:00,139.32
3/15/2017 16:00:00,139.72
3/16/2017 16:00:00,139.99
3/17/2017 16:00:00,139.84
3/20/2017 16:00:00,139.94
3/21/2017 16:00:00,138.51
3/22/2017 16:00:00,139.59
3/23/2017 16:00:00,139.53
3/24/2017 16:00:00,140.34
3/27/2017 16:00:00,140.32
3/28/2017 16:00:00,141.76
3/29/2017 16:00:00,142.65
3/30/2017 16:00:00,142.41
3/31/2017 16:00:00,142.05
2017-03-04,142.28
2017-04-04,141.73
2017-05-04,141.85
2017-06-04,141.17
2017-07-04,140.78
2017-10-04,141.04
2017-11-04,139.92
2017-12-04,139.58
4/13/2017 16:00:00,139.39
4/17/2017 16:00:00,141.42
4/18/2017 16:00:00,140.96
4/19/2017 16:00:00,142.27
4/20/2017 16:00:00,143.8
4/21/2017 16:00:00,143.68
4/24/2017 16:00:00,145.47
4/25/2017 16:00:00,146.49
4/26/2017 16:00:00,146.56
4/27/2017 16:00:00,147.7
4/28/2017 16:00:00,150.25
2017-01-05,152.46
2017-02-05,152.78
2017-03-05,151.8
2017-04-05,150.85
2017-05-05,150.24
2017-08-05,151.06
2017-09-05,150.48
2017-10-05,150.29
2017-11-05,150.04
2017-12-05,150.33
5/15/2017 16:00:00,150.19
5/16/2017 16:00:00,149.78
5/17/2017 16:00:00,144.85
5/18/2017 16:00:00,147.66
5/19/2017 16:00:00,148.06
5/22/2017 16:00:00,148.24
5/23/2017 16:00:00,148.07
5/24/2017 16:00:00,150.04
5/25/2017 16:00:00,151.96
5/26/2017 16:00:00,152.13
5/30/2017 16:00:00,152.38
5/31/2017 16:00:00,151.46
2017-01-06,151.53
2017-02-06,153.61
2017-05-06,153.63
2017-06-06,152.81
2017-07-06,153.12
2017-08-06,154.71
2017-09-06,149.6
2017-12-06,148.44
6/13/2017 16:00:00,150.68
6/14/2017 16:00:00,150.25
6/15/2017 16:00:00,149.8
6/16/2017 16:00:00,150.64
6/19/2017 16:00:00,152.87
6/20/2017 16:00:00,152.25
6/21/2017 16:00:00,153.91
6/22/2017 16:00:00,153.4
6/23/2017 16:00:00,155.07
6/26/2017 16:00:00,153.59
6/27/2017 16:00:00,150.58
6/28/2017 16:00:00,153.24
6/29/2017 16:00:00,151.04
6/30/2017 16:00:00,150.98
2017-03-07,148.43
2017-05-07,150.34
2017-06-07,148.82
2017-07-07,151.44
2017-10-07,153.5
2017-11-07,155.27
2017-12-07,158.9
7/13/2017 16:00:00,159.26
7/14/2017 16:00:00,159.97
7/17/2017 16:00:00,159.73
7/18/2017 16:00:00,162.86
7/19/2017 16:00:00,164.14
7/20/2017 16:00:00,164.53
7/21/2017 16:00:00,164.43
7/24/2017 16:00:00,166
7/25/2017 16:00:00,165.28
7/26/2017 16:00:00,165.61
7/27/2017 16:00:00,170.44
7/28/2017 16:00:00,172.45
7/31/2017 16:00:00,169.25
2017-01-08,169.86
2017-02-08,169.3
2017-03-08,168.59
2017-04-08,169.62
2017-07-08,171.98
2017-08-08,171.23
2017-09-08,171.18
2017-10-08,167.4
2017-11-08,168.08
8/14/2017 16:00:00,170.75
8/15/2017 16:00:00,171
8/16/2017 16:00:00,170
8/17/2017 16:00:00,166.91
8/18/2017 16:00:00,167.41
8/21/2017 16:00:00,167.78
8/22/2017 16:00:00,169.64
8/23/2017 16:00:00,168.71
8/24/2017 16:00:00,167.74
8/25/2017 16:00:00,166.32
8/28/2017 16:00:00,167.24
8/29/2017 16:00:00,168.05
8/30/2017 16:00:00,169.92
8/31/2017 16:00:00,171.97
2017-01-09,172.02
2017-05-09,170.72
2017-06-09,172.09
2017-07-09,173.21
2017-08-09,170.95
2017-11-09,173.51
2017-12-09,172.96
9/13/2017 16:00:00,173.05
9/14/2017 16:00:00,170.96
9/15/2017 16:00:00,171.64
9/18/2017 16:00:00,170.01
9/19/2017 16:00:00,172.52
9/20/2017 16:00:00,172.17
9/21/2017 16:00:00,171.11
9/22/2017 16:00:00,170.54
9/25/2017 16:00:00,162.87
9/26/2017 16:00:00,164.21
9/27/2017 16:00:00,167.68
9/28/2017 16:00:00,168.73
9/29/2017 16:00:00,170.87
2017-02-10,169.47
2017-03-10,169.96
2017-04-10,168.42
2017-05-10,171.24
2017-06-10,172.23
2017-09-10,172.5
2017-10-10,171.59
2017-11-10,172.74
2017-12-10,172.55
10/13/2017 16:00:00,173.74
10/16/2017 16:00:00,174.52
10/17/2017 16:00:00,176.11
10/18/2017 16:00:00,176.03
10/19/2017 16:00:00,174.56
10/20/2017 16:00:00,174.98
10/23/2017 16:00:00,171.27
10/24/2017 16:00:00,171.8
10/25/2017 16:00:00,170.6
10/26/2017 16:00:00,170.63
10/27/2017 16:00:00,177.88
10/30/2017 16:00:00,179.87
10/31/2017 16:00:00,180.06
2017-01-11,182.66
2017-02-11,178.92
2017-03-11,178.92
2017-06-11,180.17
2017-07-11,180.25
2017-08-11,179.56
2017-09-11,179.3
2017-10-11,178.46
11/13/2017 16:00:00,178.77
11/14/2017 16:00:00,178.07
11/15/2017 16:00:00,177.95
11/16/2017 16:00:00,179.59
11/17/2017 16:00:00,179
11/20/2017 16:00:00,178.74
11/21/2017 16:00:00,181.86
11/22/2017 16:00:00,180.87
11/24/2017 13:00:00,182.78
11/27/2017 16:00:00,183.03
11/28/2017 16:00:00,182.42
11/29/2017 16:00:00,175.13
11/30/2017 16:00:00,177.18
2017-01-12,175.1
2017-04-12,171.47
2017-05-12,172.83
2017-06-12,176.06
2017-07-12,180.14
2017-08-12,179
2017-11-12,179.04
2017-12-12,176.96
12/13/2017 16:00:00,178.3
12/14/2017 16:00:00,178.39
12/15/2017 16:00:00,180.18
12/18/2017 16:00:00,180.82
12/19/2017 16:00:00,179.51
12/20/2017 16:00:00,177.89
12/21/2017 16:00:00,177.45
12/22/2017 16:00:00,177.2
12/26/2017 16:00:00,175.99
12/27/2017 16:00:00,177.62
12/28/2017 16:00:00,177.92
12/29/2017 16:00:00,176.46
2018-02-01,181.42
2018-03-01,184.67
2018-04-01,184.33
2018-05-01,186.85
2018-08-01,188.28
2018-09-01,187.87
2018-10-01,187.84
2018-11-01,187.77
2018-12-01,179.37
1/16/2018 16:00:00,178.39
1/17/2018 16:00:00,177.6
1/18/2018 16:00:00,179.8
1/19/2018 16:00:00,181.29
1/22/2018 16:00:00,185.37
1/23/2018 16:00:00,189.35
1/24/2018 16:00:00,186.55
1/25/2018 16:00:00,187.48
1/26/2018 16:00:00,190
1/29/2018 16:00:00,185.98
1/30/2018 16:00:00,187.12
1/31/2018 16:00:00,186.89
2018-01-02,193.09
2018-02-02,190.28
2018-05-02,181.26
2018-06-02,185.31
2018-07-02,180.18
2018-08-02,171.58
2018-09-02,176.11
2018-12-02,176.41
2/13/2018 16:00:00,173.15
2/14/2018 16:00:00,179.52
2/15/2018 16:00:00,179.96
2/16/2018 16:00:00,177.36
2/20/2018 16:00:00,176.01
2/21/2018 16:00:00,177.91
2/22/2018 16:00:00,178.99
2/23/2018 16:00:00,183.29
2/26/2018 16:00:00,184.93
2/27/2018 16:00:00,181.46
2/28/2018 16:00:00,178.32
2018-01-03,175.94
2018-02-03,176.62
2018-05-03,180.4
2018-06-03,179.78
2018-07-03,183.71
2018-08-03,182.34
2018-09-03,185.23
2018-12-03,184.76
3/13/2018 16:00:00,181.88
3/14/2018 16:00:00,184.19
3/15/2018 16:00:00,183.86
3/16/2018 16:00:00,185.09
3/19/2018 16:00:00,172.56
3/20/2018 16:00:00,168.15
3/21/2018 16:00:00,169.39
3/22/2018 16:00:00,164.89
3/23/2018 16:00:00,159.39
3/26/2018 16:00:00,160.06
3/27/2018 16:00:00,152.22
3/28/2018 16:00:00,153.03
3/29/2018 16:00:00,159.79
2018-02-04,155.39
2018-03-04,156.11
2018-04-04,155.1
2018-05-04,159.34
2018-06-04,157.2
2018-09-04,157.93
2018-10-04,165.04
2018-11-04,166.32
2018-12-04,163.87
4/13/2018 16:00:00,164.52
4/16/2018 16:00:00,164.83
4/17/2018 16:00:00,168.66
4/18/2018 16:00:00,166.36
4/19/2018 16:00:00,168.1
4/20/2018 16:00:00,166.28
4/23/2018 16:00:00,165.84
4/24/2018 16:00:00,159.69
4/25/2018 16:00:00,159.69
4/26/2018 16:00:00,174.16
4/27/2018 16:00:00,173.59
4/30/2018 16:00:00,172
2018-01-05,173.86
2018-02-05,176.07
2018-03-05,174.02
2018-04-05,176.61
2018-07-05,177.97
2018-08-05,178.92
2018-09-05,182.66
2018-10-05,185.53
2018-11-05,186.99
5/14/2018 16:00:00,186.64
5/15/2018 16:00:00,184.32
5/16/2018 16:00:00,183.2
5/17/2018 16:00:00,183.76
5/18/2018 16:00:00,182.68
5/21/2018 16:00:00,184.49
5/22/2018 16:00:00,183.8
5/23/2018 16:00:00,186.9
5/24/2018 16:00:00,185.93
5/25/2018 16:00:00,184.92
5/29/2018 16:00:00,185.74
5/30/2018 16:00:00,187.67
5/31/2018 16:00:00,191.78
2018-01-06,193.99
2018-04-06,193.28
2018-05-06,192.94
2018-06-06,191.34
2018-07-06,188.18
2018-08-06,189.1
2018-11-06,191.54
2018-12-06,192.4
6/13/2018 16:00:00,192.41
6/14/2018 16:00:00,196.81
6/15/2018 16:00:00,195.85
6/18/2018 16:00:00,198.31
6/19/2018 16:00:00,197.49
6/20/2018 16:00:00,202
6/21/2018 16:00:00,201.5
6/22/2018 16:00:00,201.74
6/25/2018 16:00:00,196.35
6/26/2018 16:00:00,199
6/27/2018 16:00:00,195.84
6/28/2018 16:00:00,196.23
6/29/2018 16:00:00,194.32
2018-02-07,197.36
2018-03-07,192.73
2018-05-07,198.45
2018-06-07,203.23
2018-09-07,204.74
2018-10-07,203.54
2018-11-07,202.54
2018-12-07,206.92
7/13/2018 16:00:00,207.32
7/16/2018 16:00:00,207.23
7/17/2018 16:00:00,209.99
7/18/2018 16:00:00,209.36
7/19/2018 16:00:00,208.09
7/20/2018 16:00:00,209.94
7/23/2018 16:00:00,210.91
7/24/2018 16:00:00,214.67
7/25/2018 16:00:00,217.5
7/26/2018 16:00:00,176.26
7/27/2018 16:00:00,174.89
7/30/2018 16:00:00,171.06
7/31/2018 16:00:00,172.58
2018-01-08,171.65
2018-02-08,176.37
2018-03-08,177.78
2018-06-08,185.69
2018-07-08,183.81
2018-08-08,185.18
2018-09-08,183.09
2018-10-08,180.26
8/13/2018 16:00:00,180.05
8/14/2018 16:00:00,181.11
8/15/2018 16:00:00,179.53
8/16/2018 16:00:00,174.7
8/17/2018 16:00:00,173.8
8/20/2018 16:00:00,172.5
8/21/2018 16:00:00,172.62
8/22/2018 16:00:00,173.64
8/23/2018 16:00:00,172.9
8/24/2018 16:00:00,174.65
8/27/2018 16:00:00,177.46
8/28/2018 16:00:00,176.26
8/29/2018 16:00:00,175.9
8/30/2018 16:00:00,177.64
8/31/2018 16:00:00,175.73
2018-04-09,171.16
2018-05-09,167.18
2018-06-09,162.53
2018-07-09,163.04
2018-10-09,164.18
2018-11-09,165.94
2018-12-09,162
9/13/2018 16:00:00,161.36
9/14/2018 16:00:00,162.32
9/17/2018 16:00:00,160.58
9/18/2018 16:00:00,160.3
9/19/2018 16:00:00,163.06
9/20/2018 16:00:00,166.02
9/21/2018 16:00:00,162.93
9/24/2018 16:00:00,165.41
9/25/2018 16:00:00,164.91
9/26/2018 16:00:00,166.95
9/27/2018 16:00:00,168.84
9/28/2018 16:00:00,164.46
2018-01-10,162.44
2018-02-10,159.33
2018-03-10,162.43
2018-04-10,158.85
2018-05-10,157.33
2018-08-10,157.25
2018-09-10,157.9
2018-10-10,151.38
2018-11-10,153.35
2018-12-10,153.74
10/15/2018 16:00:00,153.52
10/16/2018 16:00:00,158.78
10/17/2018 16:00:00,159.42
10/18/2018 16:00:00,154.92
10/19/2018 16:00:00,154.05
10/22/2018 16:00:00,154.78
10/23/2018 16:00:00,154.39
10/24/2018 16:00:00,146.04
10/25/2018 16:00:00,150.95
10/26/2018 16:00:00,145.37
10/29/2018 16:00:00,142.09
10/30/2018 16:00:00,146.22
10/31/2018 16:00:00,151.79
2018-01-11,151.75
2018-02-11,150.35
2018-05-11,148.68
2018-06-11,149.94
2018-07-11,151.53
2018-08-11,147.87
2018-09-11,144.96
2018-12-11,141.55
11/13/2018 16:00:00,142.16
11/14/2018 16:00:00,144.22
11/15/2018 16:00:00,143.85
11/16/2018 16:00:00,139.53
11/19/2018 16:00:00,131.55
11/20/2018 16:00:00,132.43
11/21/2018 16:00:00,134.82
11/23/2018 13:00:00,131.73
11/26/2018 16:00:00,136.38
11/27/2018 16:00:00,135
11/28/2018 16:00:00,136.76
11/29/2018 16:00:00,138.68
11/30/2018 16:00:00,140.61
2018-03-12,141.09
2018-04-12,137.93
2018-06-12,139.63
2018-07-12,137.42
2018-10-12,141.85
2018-11-12,142.08
2018-12-12,144.5
12/13/2018 16:00:00,145.01
12/14/2018 16:00:00,144.06
12/17/2018 16:00:00,140.19
12/18/2018 16:00:00,143.66
12/19/2018 16:00:00,133.24
12/20/2018 16:00:00,133.4
12/21/2018 16:00:00,124.95
12/24/2018 13:00:00,124.06
12/26/2018 16:00:00,134.18
12/27/2018 16:00:00,134.52
12/28/2018 16:00:00,133.2
12/31/2018 16:00:00,131.09
2019-02-01,135.68
2019-03-01,131.74
2019-04-01,137.95
2019-07-01,138.05
2019-08-01,142.53
2019-09-01,144.23
2019-10-01,144.2
2019-11-01,143.8
1/14/2019 16:00:00,145.39
1/15/2019 16:00:00,148.95
1/16/2019 16:00:00,147.54
1/17/2019 16:00:00,148.3
1/18/2019 16:00:00,150.04
1/22/2019 16:00:00,147.57
1/23/2019 16:00:00,144.3
1/24/2019 16:00:00,145.83
1/25/2019 16:00:00,149.01
1/28/2019 16:00:00,147.47
1/29/2019 16:00:00,144.19
1/30/2019 16:00:00,150.42
1/31/2019 16:00:00,166.69
2019-01-02,165.71
2019-04-02,169.25
2019-05-02,171.16
2019-06-02,170.49
2019-07-02,166.38
2019-08-02,167.33
2019-11-02,165.79
2019-12-02,165.04
2/13/2019 16:00:00,164.07
2/14/2019 16:00:00,163.95
2/15/2019 16:00:00,162.5
2/19/2019 16:00:00,162.29
2/20/2019 16:00:00,162.56
2/21/2019 16:00:00,160.04
2/22/2019 16:00:00,161.89
2/25/2019 16:00:00,164.62
2/26/2019 16:00:00,164.13
2/27/2019 16:00:00,162.81
2/28/2019 16:00:00,161.45
2019-01-03,162.28
2019-04-03,167.37
2019-05-03,171.26
2019-06-03,172.51
2019-07-03,169.13
2019-08-03,169.6
2019-11-03,172.07
2019-12-03,171.92
3/13/2019 16:00:00,173.37
3/14/2019 16:00:00,170.17
3/15/2019 16:00:00,165.98
3/18/2019 16:00:00,160.47
3/19/2019 16:00:00,161.57
3/20/2019 16:00:00,165.44
3/21/2019 16:00:00,166.08
3/22/2019 16:00:00,164.34
3/25/2019 16:00:00,166.29
3/26/2019 16:00:00,167.68
3/27/2019 16:00:00,165.87
3/28/2019 16:00:00,165.55
3/29/2019 16:00:00,166.69
2019-01-04,168.7
2019-02-04,174.2
2019-03-04,173.54
2019-04-04,176.02
2019-05-04,175.72
2019-08-04,174.93
2019-09-04,177.58
2019-10-04,177.82
2019-11-04,177.51
2019-12-04,179.1
4/15/2019 16:00:00,179.65
4/16/2019 16:00:00,178.87
4/17/2019 16:00:00,178.78
4/18/2019 16:00:00,178.28
4/22/2019 16:00:00,181.44
4/23/2019 16:00:00,183.78
4/24/2019 16:00:00,182.58
4/25/2019 16:00:00,193.26
4/26/2019 16:00:00,191.49
4/29/2019 16:00:00,194.78
4/30/2019 16:00:00,193.4
